P1,P2,P3,P4,P5,C ,D 
37,674,9,2012,0,275046.08,82
37,750,6,2011,0,232569.26,70
41,321,5,2014,0,223430,61
62,1091,10,2015,0,500117.2,77
76,1300,12,2014,0,514778,82
76,1300,12,2014,0,514778,82
50,1020,9,2010,0,281274.84,76
50,1275,12,2010,0,371933.54,81
71,956,9,2010,0,363888.62,93
71,960,9,2014,0,397848,75
43,800,8,2010,0,282519.94,87
43,1285,2,2014,0,444048,80
37,417,7,2010,0,202702.98,71
37,961,1,2014,0,234432,73
52,1393,13,2014,0,519662,84
46,471,7,2015,0,306033.2,64
88,1095,6,2014,0,407088,99
88,1095,15,2014,0,401568,78
62,1290,13,2015,0,547815.4,82
53,570,9,2014,0,328028,78
45,992,9,2014,0,431896,95
41,850,8,2014,0,400278,89
56,700,9,2015,0,386982.8,83
56,720,9,2012,0,309818.96,70
35,377,6,2012,0,204627.72,62
50,310,7,2015,0,288134.8,67
28,280,5,2013,0,203029.2,60
28,280,5,2015,0,248146.8,60
27,477,5,2010,0,186825.98,64
28,280,5,2015,0,248146.8,60
27,470,5,2014,0,273648,73
31,774,11,2011,0,336811.7,86
51,455,6,2014,0,280302,64
100,1519,15,2012,0,504586.8,87
100,1481,15,2014,0,546694,116
79,909,12,2012,0,370615.4,74
41,532,8,2012,0,239895.92,66
43,544,6,2014,0,266660,66
90,721,13,2015,0,534259.2,85
39,505,8,2014,0,308598,75
46,470,7,2014,0,278388,64
38,530,7,2010,0,210771.44,66
67,1150,11,2011,0,407228.56,102
67,1150,10,2011,0,358094.66,79
65,875,15,2010,0,318373.44,74
74,1675,11,2014,0,665708,123
54,1179,10,2014,0,408892,79
70,908,10,2014,0,473262,92
32,630,6,2014,0,343518,80
70,119,10,2015,0,308792,58
70,870,11,2010,0,316446.24,73
32,600,6,2010,0,218881.74,67
97,1140,4,2014,0,483760,77
50,870,13,2014,0,372658,74
45,616,9,2014,0,325820,68
58,1310,9,2011,0,378083.86,82
56,850,8,2011,0,305783.94,72
80,1399,12,2011,0,436850.26,84
50,600,11,2011,0,255895.64,68
32,765,8,2011,0,252473.76,70
27,400,7,2014,0,253858,63
27,507,7,2014,0,270336,65
38,1033,6,2014,0,358710,75
30,655,5,2013,0,281204.2,81
80,934,9,2014,0,570000,74
77,1393,17,2014,0,649308,85
45,603,6,2014,0,273722,67
61,1018,12,2012,0,363993.08,76
45,610,7,2013,0,296729.2,79
45,630,7,2013,0,275101.2,68
63,1499,12,2013,0,500583.6,86
53,1200,27,2013,0,505672.2,83
53,1325,11,2013,0,471319.2,82
28,198,5,2014,0,212960,58
51,365,5,2012,0,195715.96,62
51,359,7,2013,0,246633.8,69
51,312,7,2013,0,225819,61
28,327,5,2014,0,232826,61
40,1040,11,2014,0,429878,77
63,2015,13,2014,0,504328,96
56,1832,3,2014,0,458964,91
51,1730,7,2014,0,525998,90
46,1390,10,2014,0,480348,83
39,1135,10,2014,0,406758,78
40,1000,3,2014,0,361878,74
25,530,4,2014,0,243318,65
25,644,8,2014,0,273854,68
26,462,8,2014,0,264812,64
39,401,5,2014,0,260898,63
30,400,5,2014,0,244068,63
19,366,5,2014,0,238832,62
24,482,5,2014,0,263472,64
57,1178,13,2014,0,468292,80
52,439,5,2014,0,253460,63
34,870,10,2014,0,370964,73
60,1258,11,2013,0,468171,81
45,850,7,2013,0,308167.2,72
29,330,6,2012,0,206480.56,68
26,300,5,2012,0,198154.76,67
20,390,5,2014,0,222528,62
32,251,4,2014,0,217052,59
40,870,10,2014,0,339458,73
34,400,4,2014,0,219998,62
34,492,5,2014,0,258236,64
34,468,5,2014,0,254540,64
68,664,7,2014,0,315502,68
24,779,4,2014,0,312950,70
52,1100,13,2014,0,421278,78
29,448,7,2014,0,281094,64
36,750,8,2014,0,325028,70
27,299,6,2014,0,232584,61
47,700,6,2014,0,304238,69
23,795,5,2014,0,316470,70
30,779,3,2014,0,316580,70
26.2,588,3,2014,0,264880,66
24,530,8,2011,0,281127.36,77
38.11,707.7,9.45,2012,0,283297.4624,84
37,757.5,6.24,2011,0,253500.4934,74
42.64,327.42,5,2014,0,227898.6,65
64.48,1123.73,10.4,2015,0,535125.404,79
78.28,1352,12.24,2014,0,530221.34,86
79.04,1352,12.6,2014,0,550812.46,88
50,1030.2,9.09,2010,0,292525.8336,78
51,1300.5,12.36,2010,0,371933.54,83
71.71,956,9.09,2010,0,382083.051,99
73.13,960,9.27,2014,0,413761.92,78
43.86,808,8.16,2010,0,290995.5382,90
45.15,1285,2.1,2014,0,479571.84,86
38.11,437.85,7.35,2010,0,212838.129,73
37.74,970.61,1,2014,0,255530.88,74
54.08,1462.65,13.52,2014,0,519662,88
47.84,485.13,7.35,2015,0,330515.856,65
92.4,1127.85,6.12,2014,0,407088,104
92.4,1105.95,15,2014,0,421646.4,79
62.62,1290,13.26,2015,0,602596.94,86
54.59,575.7,9.45,2014,0,328028,79
46.35,1001.92,9.45,2014,0,453490.8,96
41,850,8.24,2014,0,432300.24,93
58.8,735,9,2015,0,414071.596,87
57.68,720,9.09,2012,0,337702.6664,71
36.4,395.85,6.06,2012,0,220997.9376,63
51,322.4,7.21,2015,0,305422.888,72
28.56,280,5.25,2013,0,211150.368,61
29.4,294,5.15,2015,0,265517.076,63
27.54,486.54,5.25,2010,0,203640.3182,66
28.84,291.2,5,2015,0,255591.204,62
27.27,470,5,2014,0,290066.88,74
31.62,781.74,11.55,2011,0,340179.817,86
53.55,477.75,6.12,2014,0,288711.06,66
104,1519,15,2012,0,514678.536,91
100,1540.24,15.3,2014,0,584962.58,117
80.58,918.09,12.48,2012,0,392852.324,77
43.05,553.28,8.16,2012,0,259087.5936,68
43.86,544,6.06,2014,0,287992.8,66
90.9,728.21,13,2015,0,550286.976,87
39,505,8.16,2014,0,308598,75
46.92,493.5,7.35,2014,0,292307.4,68
39.14,556.5,7.14,2010,0,210771.44,67
68.34,1184.5,11.11,2011,0,435734.5592,105
70.35,1173,10.1,2011,0,368837.4998,80
68.25,901.25,15,2010,0,347027.0496,76
76.22,1742,11.55,2014,0,705650.48,127
54.54,1202.58,10.5,2014,0,417069.84,80
70.7,908,10.4,2014,0,482727.24,93
33.6,655.2,6.12,2014,0,374434.62,83
73.5,123.76,10.3,2015,0,308792,60
70,887.4,11.11,2010,0,332268.552,78
32.96,600,6.06,2010,0,240769.914,70
97,1197,4.16,2014,0,503110.4,79
50,913.5,13.52,2014,0,372658,77
45.9,622.16,9.45,2014,0,355143.8,70
60.32,1336.2,9.45,2011,0,396988.053,83
58.24,875.5,8,2011,0,324130.9764,73
81.6,1440.97,12,2011,0,463061.2756,88
52.5,606,11.22,2011,0,266131.4656,71
32.32,765,8.32,2011,0,254998.4976,70
27.81,408,7.21,2014,0,264012.32,66
27.54,522.21,7,2014,0,297369.6,67
38,1043.33,6.12,2014,0,383819.7,78
30.9,674.65,5.05,2013,0,295264.41,86
84,943.34,9.27,2014,0,609900,78
79.31,1393,17.17,2014,0,668787.24,91
46.35,609.03,6.3,2014,0,290145.32,72
61.61,1058.72,12.12,2012,0,385832.6648,81
45.9,622.2,7.14,2013,0,326402.12,82
45.9,630,7,2013,0,302611.32,71
63,1558.96,12.12,2013,0,500583.6,92
53,1248,27,2013,0,505672.2,84
54.06,1351.5,11.44,2013,0,513737.928,86
28,198,5.15,2014,0,219348.8,60
52.02,383.25,5,2012,0,201587.4388,66
51.51,362.59,7.07,2013,0,271297.18,73
51.51,327.6,7.35,2013,0,232593.57,65
29.4,333.54,5.05,2014,0,244467.3,64
40.4,1060.8,11.44,2014,0,472865.8,78
64.26,2075.45,13.13,2014,0,529544.4,101
58.24,1886.96,3.15,2014,0,472732.92,91
53.04,1764.6,7,2014,0,557557.88,93
46,1431.7,10.4,2014,0,499561.92,84
40.95,1169.05,10,2014,0,423028.32,80
42,1010,3.15,2014,0,394447.02,75
25.5,545.9,4.04,2014,0,253050.72,68
25.75,663.32,8.24,2014,0,273854,71
27.3,462,8.32,2014,0,278052.6,68
39.78,417.04,5.25,2014,0,266115.96,67
31.5,400,5.05,2014,0,258712.08,66
19.38,366,5.2,2014,0,253161.92,64
24,496.46,5.2,2014,0,287184.48,67
57.57,1189.78,13.26,2014,0,515121.2,82
53.04,456.56,5.05,2014,0,261063.8,65
35.36,896.1,10.4,2014,0,374673.64,75
60.6,1283.16,11.55,2013,0,505624.68,82
45.45,875.5,7.35,2013,0,332820.576,75
29,346.5,6,2012,0,214739.7824,71
26,303,5.1,2012,0,206080.9504,70
20.4,405.6,5.05,2014,0,224753.28,66
32.96,261.04,4.04,2014,0,232245.64,63
41.6,913.5,10.4,2014,0,373403.8,76
34,400,4.08,2014,0,239797.82,64
34.34,501.84,5.1,2014,0,258236,64
35.36,482.04,5.25,2014,0,264721.6,68
69.36,697.2,7.28,2014,0,324967.06,73
24.72,786.79,4.16,2014,0,341115.5,70
52,1111,13.26,2014,0,421278,80
29.29,448,7.07,2014,0,295148.7,65
36.36,787.5,8.24,2014,0,344529.68,71
27.54,301.99,6,2014,0,244213.2,65
47,735,6.12,2014,0,307280.38,69
23.92,818.85,5.1,2014,0,316470,73
30.3,786.79,3.03,2014,0,335574.8,72
27.248,588,3.12,2014,0,264880,66
24.72,530,8.16,2011,0,281127.36,77
38.48,700.96,9.18,2012,0,286047.9232,87
38.48,757.5,6.3,2011,0,239546.3378,71
41.82,327.42,5,2014,0,239070.1,64
63.86,1145.55,10.1,2015,0,530124.232,79
77.52,1326,12.6,2014,0,540516.9,84
77.52,1365,12.6,2014,0,561108.02,88
52,1020,9.45,2010,0,303776.8272,76
51,1338.75,12.48,2010,0,409126.894,86
73.13,965.56,9.45,2010,0,363888.62,97
73.84,979.2,9.27,2014,0,405804.96,76
44.72,808,8.32,2010,0,299471.1364,91
44.29,1297.85,2.06,2014,0,484012.32,82
37.74,429.51,7.28,2010,0,206757.0396,76
38.11,989.83,1.04,2014,0,257875.2,74
54.08,1462.65,13.52,2014,0,556038.34,90
47.38,489.84,7.28,2015,0,318274.528,67
92.4,1095,6,2014,0,447796.8,99
89.76,1095,15.45,2014,0,425662.08,83
62,1354.5,13.39,2015,0,586162.478,84
54.06,570,9.36,2014,0,334588.56,84
46.8,1041.6,9.09,2014,0,444852.88,97
42.23,875.5,8.32,2014,0,412286.34,91
58.8,728,9.36,2015,0,406331.94,89
58.8,741.6,9.18,2012,0,322211.7184,75
35,388.31,6.3,2012,0,218951.6604,64
51,325.5,7.35,2015,0,314066.932,68
28.56,291.2,5.25,2013,0,223332.12,61
28,291.2,5.05,2015,0,272961.48,61
27.27,496.08,5.25,2010,0,192430.7594,64
28.56,282.8,5.15,2015,0,270480.012,64
27.27,484.1,5.25,2014,0,298276.32,76
31.31,804.96,11.44,2011,0,363756.636,93
51,468.65,6.3,2014,0,280302,68
100,1594.95,15,2012,0,555045.48,90
104,1510.62,15.45,2014,0,568561.76,123
81.37,918.09,12.48,2012,0,407676.94,78
42.23,537.32,8.16,2012,0,244693.8384,68
44.72,560.32,6.06,2014,0,290659.4,67
91.8,721,13.26,2015,0,587685.12,91
40.17,510.05,8.24,2014,0,333285.84,76
48.3,484.1,7,2014,0,283955.76,68
38.76,556.5,7.21,2010,0,219202.2976,67
67,1161.5,11.11,2011,0,407228.56,108
67.67,1150,10.5,2011,0,383161.2862,85
66.95,918.75,15.3,2010,0,334292.112,79
77.7,1758.75,11.11,2014,0,665708,123
55.08,1237.95,10.3,2014,0,429336.6,81
70,926.16,10,2014,0,492192.48,92
33.28,661.5,6,2014,0,377869.8,83
73.5,123.76,10.3,2015,0,321143.68,58
70,878.7,11.22,2010,0,344926.4016,77
33.6,612,6.06,2010,0,238581.0966,72
99.91,1185.6,4.08,2014,0,517623.2,81
52.5,878.7,13.65,2014,0,402470.64,78
45.45,622.16,9.27,2014,0,329078.2,73
60.9,1375.5,9.18,2011,0,378083.86,82
57.68,884,8.4,2011,0,314957.4582,73
81.6,1399,12.6,2011,0,445587.2652,84
51,624,11.11,2011,0,258454.5964,69
32.32,795.6,8.4,2011,0,254998.4976,74
28.08,420,7.35,2014,0,258935.16,64
27.54,532.35,7.14,2014,0,297369.6,70
39.9,1074.32,6.18,2014,0,390993.9,77
30.9,681.2,5,2013,0,309324.62,85
84,962.02,9.45,2014,0,627000,79
80.85,1393,17.17,2014,0,655801.08,91
46.35,621.09,6.24,2014,0,301094.2,70
63.44,1038.36,12.48,2012,0,385832.6648,78
47.25,640.5,7.14,2013,0,305631.076,79
47.25,630,7.07,2013,0,275101.2,71
65.52,1513.99,12.12,2013,0,505589.436,92
55.12,1236,28.35,2013,0,546125.976,86
54.59,1391.25,11,2013,0,490171.968,86
28.28,205.92,5.25,2014,0,225737.6,60
51,379.6,5.1,2012,0,197673.1196,64
52.53,376.95,7.28,2013,0,271297.18,73
52.53,327.6,7.07,2013,0,239368.14,62
29.12,343.35,5.1,2014,1,242139.04,65
42,1050.4,11.55,2014,1,464268.24,82
64.89,2075.45,13,2014,1,539630.96,102
58.24,1923.6,3,2014,1,504860.4,97
52.02,1730,7.28,2014,1,562817.86,93
47.84,1431.7,10.4,2014,1,523579.32,86
39.39,1146.35,10.5,2014,1,406758,83
40.8,1010,3.15,2014,1,369115.56,78
25,551.2,4.08,2014,1,260350.26,70
25.75,663.32,8.16,2014,1,273854,69
27.3,466.62,8.16,2014,1,267460.12,68
40.56,413.03,5.1,2014,1,276551.88,67
30.3,404,5.25,2014,1,268474.8,64
19.57,373.32,5.25,2014,1,243608.64,65
24,491.64,5,2014,1,268741.44,64
57.57,1189.78,13.52,2014,1,487023.68,82
54.6,443.39,5.2,2014,1,261063.8,67
35.7,870,10.4,2014,1,385802.56,77
62.4,1270.58,11.44,2013,1,500942.97,81
47.25,884,7.14,2013,1,329738.904,76
29.58,330,6.18,2012,1,214739.7824,71
26.26,300,5,2012,1,198154.76,67
20.8,401.7,5.2,2014,1,226978.56,66
33.6,256.02,4.08,2014,1,227904.6,60
40.8,896.1,10.4,2014,1,339458,73
35.7,404,4.16,2014,1,241997.8,64
34.68,506.76,5.2,2014,1,278894.88,68
35.36,477.36,5.1,2014,1,254540,66
70.04,664,7,2014,1,334432.12,69
24.24,817.95,4.04,2014,1,325468,71
52.52,1133,13.26,2014,1,454980.24,79
29.29,452.48,7.35,2014,1,306392.46,65
37.8,757.5,8.16,2014,1,351030.24,71
27.54,299,6,2014,1,246539.04,63
47.47,714,6.3,2014,1,319449.9,74
23.92,802.95,5,2014,1,322799.4,73
31.5,817.95,3.12,2014,1,341906.4,71
26.986,611.52,3,2014,1,286070.4,71
24.72,540.6,8,2011,1,283938.6336,82
37,687.48,9.45,2012,1,275046.08,85
37,772.5,6.12,2011,1,251174.8008,72
41.82,321,5,2014,1,243538.7,65
63.86,1091,10.4,2015,1,535125.404,79
76.76,1339,12.12,2014,1,545664.68,85
79.8,1352,12,2014,1,550812.46,84
52,1050.6,9.09,2010,1,298151.3304,78
51,1287.75,12.24,2010,1,371933.54,83
71,956,9.09,2010,1,367527.5062,94
71,988.8,9.45,2014,1,429675.84,77
45.15,824,8.16,2010,1,305121.5352,92
43.43,1323.55,2.1,2014,1,448488.48,85
37.74,433.68,7.21,2010,1,220946.2482,76
38.11,999.44,1,2014,1,246153.6,78
52.52,1420.86,13.52,2014,1,571628.2,87
47.84,489.84,7.14,2015,1,333576.188,67
88.88,1127.85,6.12,2014,1,447796.8,106
88.88,1138.8,15.15,2014,1,433693.44,82
62,1341.6,13,2015,1,547815.4,84
53,592.8,9.09,2014,1,331308.28,83
47.25,1041.6,9.09,2014,1,462128.72,101
43.05,858.5,8.24,2014,1,440305.8,93
58.24,735,9.27,2015,1,410201.768,87
58.8,727.2,9,2012,1,322211.7184,70
36.4,380.77,6.18,2012,1,216905.3832,66
52,316.2,7.35,2015,1,316948.28,69
28,291.2,5.2,2013,1,223332.12,63
28.84,288.4,5.25,2015,1,255591.204,61
28.08,481.77,5,2010,1,201772.0584,65
28,285.6,5.25,2015,1,270480.012,61
27.27,488.8,5.05,2014,1,279120.96,75
32.24,781.74,11.44,2011,1,340179.817,87
51.51,473.2,6.24,2014,1,299923.14,64
105,1534.19,15.15,2012,1,549999.612,92
103,1510.62,15.6,2014,1,557627.88,123
82.16,918.09,12,2012,1,403970.786,78
43.05,558.6,8.08,2012,1,254289.6752,67
43.86,560.32,6.3,2014,1,282659.6,70
90.9,721,13.65,2015,1,539601.792,85
40.56,505,8,2014,1,314769.96,79
47.84,488.8,7.21,2014,1,278388,65
38,545.9,7.07,2010,1,214986.8688,67
67,1150,11.55,2011,1,419445.4168,104
69.01,1184.5,10,2011,1,372418.4464,81
65.65,875,15.3,2010,1,350210.784,79
77.7,1758.75,11.11,2014,1,732278.8,129
55.08,1226.16,10.3,2014,1,433425.52,81
70.7,953.4,10,2014,1,487459.86,98
33.6,648.9,6.3,2014,1,357258.72,80
70.7,123.76,10,2015,1,321143.68,60
70.7,904.8,11.11,2010,1,338597.4768,77
33.6,612,6.06,2010,1,225448.1922,68
101.85,1174.2,4,2014,1,522460.8,82
51,904.8,13.26,2014,1,395017.48,79
45,646.8,9.18,2014,1,355143.8,69
59.16,1323.1,9.18,2011,1,385645.5372,87
56.56,884,8.16,2011,1,333304.4946,77
82.4,1399,12,2011,1,467429.7782,84
51,624,11.22,2011,1,258454.5964,68
32.32,787.95,8.16,2011,1,277721.136,70
27,404,7.35,2014,1,264012.32,67
27.81,512.07,7.35,2014,1,297369.6,70
39.14,1074.32,6.3,2014,1,362297.1,79
31.5,668.1,5.05,2013,1,306512.578,81
81.6,962.02,9.09,2014,1,615600,79
77,1420.86,17.68,2014,1,701252.64,90
45,621.09,6.24,2014,1,287408.1,67
61,1068.9,12.6,2012,1,396752.4572,81
45.9,634.4,7.28,2013,1,302663.784,83
46.35,648.9,7.28,2013,1,283354.236,71
64.26,1543.97,12.48,2013,1,530618.616,86
53,1248,27,2013,1,530955.81,89
54.59,1325,11.55,2013,1,499598.352,83
29.4,207.9,5.15,2014,1,225737.6,62
53.55,365,5,2012,1,201587.4388,66
53.04,373.36,7.28,2013,1,249100.138,71
52.02,321.36,7.28,2013,1,246142.71,62
28.84,330.27,5.05,2014,1,242139.04,62
41.6,1081.6,11.11,2014,1,429878,79
63.63,2035.15,13.13,2014,1,509371.28,97
58.24,1923.6,3,2014,1,491091.48,91
52.02,1730,7,2014,1,568077.84,95
47.38,1431.7,10,2014,1,499561.92,86
39,1135,10,2014,1,418960.74,80
41.6,1020,3.06,2014,1,369115.56,75
25.5,530,4,2014,1,260350.26,66
25.5,663.32,8.32,2014,1,293023.78,69
26.26,462,8.32,2014,1,283348.84,65
40.17,409.02,5.05,2014,1,281769.84,66
30.9,420,5.15,2014,1,258712.08,65
19.19,380.64,5.2,2014,1,245996.96,65
24.24,501.28,5.1,2014,1,276645.6,68
57,1213.34,13,2014,1,515121.2,86
53.04,460.95,5.05,2014,1,263598.4,66
35.02,913.5,10.4,2014,1,382092.92,76
62.4,1258,11.11,2013,1,514988.1,82
45.45,858.5,7.07,2013,1,332820.576,76
29.87,346.5,6.24,2012,1,222999.0048,68
26,309,5,2012,1,200136.3076,68
20.6,405.6,5,2014,1,238104.96,62
33.28,263.55,4,2014,1,227904.6,59
41.2,887.4,10,2014,1,366614.64,77
34.34,408,4,2014,1,241997.8,64
34.68,506.76,5.2,2014,1,276312.52,64
35.36,472.68,5.15,2014,1,267267,65
68.68,664,7,2014,1,328122.08,72
24.96,794.58,4,2014,1,325468,72
52,1144,13.13,2014,1,442341.9,83
30.16,461.44,7.35,2014,1,289526.82,67
37.44,750,8.16,2014,1,357530.8,74
27.54,310.96,6.06,2014,1,241887.36,65
47.94,735,6.18,2014,1,325534.66,69
23.92,834.75,5.05,2014,1,316470,74
30.3,817.95,3.15,2014,1,338740.6,74
27.248,588,3,2014,1,288719.2,67
24.24,530,8.4,2011,1,306428.8224,80
38.11,680.74,9.36,2012,1,286047.9232,88
37.74,780,6.24,2011,1,232569.26,74
42.64,324.21,5.25,2014,1,234601.5,65
62.62,1091,10.5,2015,1,500117.2,82
79.8,1326,12.6,2014,1,566255.8,87
76,1300,12,2014,1,530221.34,84
50,1020,9.27,2010,1,286900.3368,81
51,1287.75,12.12,2010,1,390530.217,82
71.71,994.24,9.45,2010,1,382083.051,100
71.71,1008,9.09,2014,1,437632.8,80
44.29,800,8.32,2010,1,302296.3358,90
43.86,1285,2.1,2014,1,466250.4,81
38.11,433.68,7.07,2010,1,210811.0992,72
38.48,1009.05,1.02,2014,1,241464.96,77
53.04,1434.79,13.65,2014,1,561234.96,85
47.38,494.55,7.35,2015,1,318274.528,65
88,1149.75,6,2014,1,419300.64,101
88,1138.8,15.6,2014,1,405583.68,83
63.86,1302.9,13.39,2015,1,597118.786,87
55.12,592.8,9,2014,1,347709.68,80
45.9,1021.76,9.09,2014,1,436214.96,101
42.23,858.5,8.32,2014,1,436303.02,90
56.56,735,9.09,2015,1,425681.08,88
57.68,727.2,9,2012,1,312917.1496,71
35.35,388.31,6.18,2012,1,220997.9376,65
51.5,319.3,7,2015,1,296778.844,71
29.4,282.8,5.1,2013,1,213180.66,64
29.4,288.4,5.15,2015,1,267998.544,64
28.08,491.31,5.05,2010,1,201772.0584,67
29.12,294,5.25,2015,1,255591.204,64
28.08,484.1,5.15,2014,1,298276.32,76
32.55,804.96,11.44,2011,1,336811.7,86
52.02,464.1,6.06,2014,1,280302,66
103,1594.95,15.6,2012,1,539907.876,90
105,1540.24,15.45,2014,1,563094.82,123
82.16,945.36,12.24,2012,1,389146.17,75
41.82,532,8.16,2012,1,263885.512,70
43,565.76,6.06,2014,1,290659.4,70
90.9,749.84,13.65,2015,1,582342.528,86
40.95,525.2,8.24,2014,1,320941.92,80
47.38,493.5,7.14,2014,1,289523.52,67
38.38,540.6,7.28,2010,1,229740.8696,67
67.67,1173,11,2011,1,407228.56,105
67,1207.5,10.3,2011,1,383161.2862,79
65,901.25,15.6,2010,1,337475.8464,78
74,1691.75,11,2014,1,698993.4,126
54,1179,10.1,2014,1,445692.28,83
70.7,917.08,10.4,2014,1,511122.96,99
32,630,6.06,2014,1,343518,80
70,122.57,10.3,2015,1,321143.68,61
72.8,870,11.55,2010,1,338597.4768,78
32.32,600,6.18,2010,1,240769.914,67
97.97,1151.4,4.08,2014,1,493435.2,80
52.5,870,13.65,2014,1,380111.16,75
46.8,628.32,9.45,2014,1,348627.4,71
60.32,1310,9.45,2011,1,389426.3758,84
56,884,8.24,2011,1,321073.137,73
80,1454.96,12.24,2011,1,441218.7626,88
50.5,606,11.55,2011,1,266131.4656,72
32.96,795.6,8.32,2011,1,275196.3984,74
28.08,408,7.21,2014,1,279243.8,66
27,532.35,7.35,2014,1,270336,66
38.76,1084.65,6.3,2014,1,376645.5,79
30.9,674.65,5.1,2013,1,306512.578,85
80,952.68,9.09,2014,1,581400,76
80.08,1448.72,17.34,2014,1,662294.16,87
46.8,633.15,6.06,2014,1,276459.22,69
63.44,1038.36,12.6,2012,1,400392.388,78
46.8,610,7.35,2013,1,317500.244,82
45.9,661.5,7.21,2013,1,280603.224,71
64.89,1558.96,12.12,2013,1,510595.272,90
54.06,1248,27.27,2013,1,546125.976,84
53,1351.5,11.22,2013,1,494885.16,86
28,199.98,5.15,2014,1,221478.4,60
51.51,372.3,5.15,2012,1,215287.556,64
52.02,366.18,7.07,2013,1,251566.476,71
53.55,312,7.35,2013,1,246142.71,62
28,327,5.05,2014,1,237482.52,63
40.4,1081.6,11,2014,1,451371.9,81
64.26,2015,13.52,2014,1,509371.28,102
57.68,1850.32,3,2014,1,486501.84,91
53.55,1781.9,7.07,2014,1,547037.92,92
46.46,1445.6,10.1,2014,1,480348,87
39,1191.75,10.5,2014,1,414893.16,83
40.8,1050,3.15,2014,1,372734.34,78
25.5,551.2,4.2,2014,1,257917.08,70
25.75,656.88,8.08,2014,1,282069.62,69
26.26,485.1,8,2014,1,291293.2,65
40.17,405.01,5,2014,1,281769.84,65
31.2,412,5.2,2014,1,251390.04,66
19.95,369.66,5,2014,1,248385.28,63
24.72,501.28,5.25,2014,1,279280.32,65
58.14,1236.9,13.65,2014,1,477657.84,84
52.52,452.17,5,2014,1,276271.4,65
34.34,896.1,10,2014,1,374673.64,74
61.8,1283.16,11.33,2013,1,468171,86
47.25,867,7.21,2013,1,332820.576,74
30.16,339.9,6.06,2012,1,214739.7824,68
26.26,312,5.25,2012,1,212025.5932,72
20.2,397.8,5.2,2014,1,224753.28,65
32.32,253.51,4.2,2014,1,230075.12,61
40.8,904.8,10.4,2014,1,342852.58,75
35.36,404,4.04,2014,1,233197.88,64
34.34,511.68,5.2,2014,1,276312.52,65
34.68,468,5.2,2014,1,277448.6,66
69.36,670.64,7.07,2014,1,343897.18,68
24.96,779,4.04,2014,1,334856.5,71
52,1100,13,2014,1,433916.34,81
30.45,465.92,7,2014,1,300770.58,64
36,780,8.4,2014,1,341279.4,74
27.81,299,6.3,2014,1,241887.36,65
49.35,728,6.24,2014,1,319449.9,71
23.69,795,5.15,2014,1,335458.2,70
31.2,786.79,3,2014,1,329243.2,71
26.2,593.88,3.15,2014,1,288719.2,67
24.48,540.6,8.08,2011,1,281127.36,78
37.74,680.74,9.36,2012,1,286047.9232,87
38.11,765,6.06,2011,1,244197.723,74
42.64,321,5.1,2014,1,239070.1,62
62.62,1123.73,10,2015,1,515120.716,79
76.76,1326,12,2014,1,535369.12,83
78.28,1365,12.12,2014,1,566255.8,85
51.5,1040.4,9,2010,1,303776.8272,77
52.5,1313.25,12.48,2010,1,390530.217,87
71,984.68,9,2010,1,371166.3924,98
73.84,988.8,9.18,2014,1,429675.84,76
45.15,800,8.24,2010,1,307946.7346,93
45.15,1285,2,2014,1,452928.96,82
38.11,437.85,7.28,2010,1,208784.0694,72
38.48,999.44,1.02,2014,1,241464.96,77
52.52,1448.72,13.13,2014,1,540448.48,89
47.84,485.13,7.21,2015,1,315214.196,64
89.76,1127.85,6.24,2014,1,427442.4,106
88.88,1105.95,15.45,2014,1,417630.72,83
62,1290,13.52,2015,1,580684.324,86
55.12,592.8,9.09,2014,1,337868.84,80
45.45,1001.92,9.27,2014,1,453490.8,95
43.05,867,8.4,2014,1,432300.24,89
56.56,728,9.18,2015,1,402462.112,86
57.12,756,9.27,2012,1,328408.0976,73
36.75,377,6,2012,1,210766.5516,66
51,310,7.21,2015,1,316948.28,68
29.12,294,5,2013,1,205059.492,63
28.84,280,5.15,2015,1,270480.012,62
28.35,481.77,5.05,2010,1,190562.4996,65
29.4,282.8,5.05,2015,1,248146.8,63
27.27,493.5,5.05,2014,1,295539.84,77
31.93,774,11,2011,1,363756.636,89
51.51,477.75,6.06,2014,1,305529.18,64
100,1549.38,15.6,2012,1,529816.14,90
105,1525.43,15.45,2014,1,595896.46,118
79,954.45,12.24,2012,1,407676.94,78
43.05,542.64,8.32,2012,1,259087.5936,67
44.72,544,6,2014,1,290659.4,69
93.6,742.63,13.65,2015,1,587685.12,87
40.56,530.25,8.4,2014,1,317855.94,77
47.84,479.4,7,2014,1,289523.52,67
39.14,530,7.14,2010,1,212879.1544,66
69.68,1161.5,11.44,2011,1,439806.8448,106
68.34,1196,10.5,2011,1,383161.2862,81
66.3,892.5,15.15,2010,1,327924.6432,78
74,1758.75,11.33,2014,1,705650.48,124
56.16,1190.79,10.5,2014,1,441603.36,79
72.8,944.32,10.3,2014,1,520588.2,93
32.96,636.3,6.12,2014,1,353823.54,80
73.5,119,10.5,2015,1,324231.6,58
72.8,896.1,11,2010,1,335433.0144,76
33.6,630,6.18,2010,1,221070.5574,69
98.94,1162.8,4.2,2014,1,488597.6,77
52.5,913.5,13.39,2014,1,387564.32,77
45,634.48,9.36,2014,1,332336.4,73
59.16,1336.2,9.09,2011,1,415892.246,82
56,892.5,8.08,2011,1,330246.6552,77
81.6,1412.99,12.12,2011,1,458692.773,88
51.5,630,11.22,2011,1,255895.64,70
32,803.25,8.24,2011,1,252473.76,74
28.08,412,7.35,2014,1,266550.9,66
27.81,522.21,7.07,2014,1,270336,66
38,1033,6.24,2014,1,387406.8,80
30,681.2,5.25,2013,1,286828.284,82
80,971.36,9.27,2014,1,615600,75
77,1448.72,17.85,2014,1,681773.4,86
47.25,603,6.18,2014,1,295619.76,71
61.61,1018,12.6,2012,1,396752.4572,78
45.45,628.3,7.35,2013,1,320467.536,85
46.35,630,7.28,2013,1,294358.284,72
66.15,1543.97,12.48,2013,1,530618.616,90
55.65,1212,28.08,2013,1,556239.42,85
53.53,1378,11.44,2013,1,518451.12,84
29.4,201.96,5.1,2014,1,221478.4,62
53.55,383.25,5.1,2012,1,195715.96,64
53.55,373.36,7.07,2013,1,268830.842,73
53.04,315.12,7.21,2013,1,241626.33,65
28.56,336.81,5.05,2014,1,253780.34,65
40.8,1060.8,11.11,2014,1,455670.68,79
64.89,2035.15,13,2014,1,529544.4,100
56,1850.32,3.06,2014,1,500270.76,95
51.51,1799.2,7.07,2014,1,562817.86,95
48.3,1390,10,2014,1,499561.92,89
39,1146.35,10.2,2014,1,447433.8,78
41.6,1010,3.09,2014,1,390828.24,75
25.75,545.9,4.08,2014,1,243318,68
25.75,644,8.24,2014,1,284808.16,69
27.04,485.1,8,2014,1,275404.48,68
39.78,417.04,5.05,2014,1,271333.92,63
30,408,5.15,2014,1,261152.76,67
19.38,366,5.2,2014,1,262715.2,64
24.96,482,5.05,2014,1,263472,67
57.57,1236.9,13.26,2014,1,505755.36,85
52,443.39,5.2,2014,1,261063.8,65
35.36,887.4,10,2014,1,374673.64,76
61.2,1308.32,11.55,2013,1,477534.42,81
45.9,892.5,7.28,2013,1,335902.248,76
29.87,336.6,6.3,2012,1,212674.9768,70
26.52,306,5.15,2012,1,202117.8552,67
20.6,401.7,5,2014,1,242555.52,64
33.28,258.53,4.08,2014,1,236586.68,62
40.8,896.1,10.2,2014,1,356430.9,75
35.36,412,4.16,2014,1,228797.92,64
34,516.6,5.15,2014,1,273730.16,67
35.02,486.72,5,2014,1,264721.6,64
70.04,697.2,7.07,2014,1,324967.06,71
24.96,779,4.04,2014,1,319209,71
54.08,1155,13.39,2014,1,429703.56,79
30.16,470.4,7.07,2014,1,295148.7,65
36,772.5,8.4,2014,1,328278.28,74
27.81,304.98,6.3,2014,1,234909.84,65
48.41,735,6,2014,1,334661.8,71
24.15,810.9,5.1,2014,1,322799.4,71
31.5,794.58,3.12,2014,1,319745.8,74
26.986,599.76,3.12,2014,1,280772.8,66
24.24,530,8.32,2011,1,281127.36,81
37.74,680.74,9.36,2012,1,286047.9232,87
38.11,765,6.06,2011,1,244197.723,74
42.64,321,5.1,2014,1,239070.1,62
62.62,1123.73,10,2015,1,515120.716,79
76.76,1326,12,2014,1,535369.12,83
78.28,1365,12.12,2014,2,566255.8,85
51.5,1040.4,9,2010,2,303776.8272,77
52.5,1313.25,12.48,2010,2,390530.217,87
71,984.68,9,2010,2,371166.3924,98
73.84,988.8,9.18,2014,2,429675.84,76
45.15,800,8.24,2010,2,307946.7346,93
45.15,1285,2,2014,2,452928.96,82
38.11,437.85,7.28,2010,2,208784.0694,72
38.48,999.44,1.02,2014,2,241464.96,77
52.52,1448.72,13.13,2014,2,540448.48,89
47.84,485.13,7.21,2015,2,315214.196,64
89.76,1127.85,6.24,2014,2,427442.4,106
88.88,1105.95,15.45,2014,2,417630.72,83
62,1290,13.52,2015,2,580684.324,86
55.12,592.8,9.09,2014,2,337868.84,80
45.45,1001.92,9.27,2014,2,453490.8,95
43.05,867,8.4,2014,2,432300.24,89
56.56,728,9.18,2015,2,402462.112,86
57.12,756,9.27,2012,2,328408.0976,73
36.75,377,6,2012,2,210766.5516,66
51,310,7.21,2015,2,316948.28,68
29.12,294,5,2013,2,205059.492,63
28.84,280,5.15,2015,2,270480.012,62
28.35,481.77,5.05,2010,2,190562.4996,65
29.4,282.8,5.05,2015,2,248146.8,63
27.27,493.5,5.05,2014,2,295539.84,77
31.93,774,11,2011,2,363756.636,89
51.51,477.75,6.06,2014,2,305529.18,64
100,1549.38,15.6,2012,2,529816.14,90
105,1525.43,15.45,2014,2,595896.46,118
79,954.45,12.24,2012,2,407676.94,78
43.05,542.64,8.32,2012,2,259087.5936,67
44.72,544,6,2014,2,290659.4,69
93.6,742.63,13.65,2015,2,587685.12,87
40.56,530.25,8.4,2014,2,317855.94,77
47.84,479.4,7,2014,2,289523.52,67
39.14,530,7.14,2010,2,212879.1544,66
69.68,1161.5,11.44,2011,2,439806.8448,106
68.34,1196,10.5,2011,2,383161.2862,81
66.3,892.5,15.15,2010,2,327924.6432,78
74,1758.75,11.33,2014,2,705650.48,124
56.16,1190.79,10.5,2014,2,441603.36,79
72.8,944.32,10.3,2014,2,520588.2,93
32.96,636.3,6.12,2014,2,353823.54,80
73.5,119,10.5,2015,2,324231.6,58
72.8,896.1,11,2010,2,335433.0144,76
33.6,630,6.18,2010,2,221070.5574,69
98.94,1162.8,4.2,2014,2,488597.6,77
52.5,913.5,13.39,2014,2,387564.32,77
45,634.48,9.36,2014,2,332336.4,73
59.16,1336.2,9.09,2011,2,415892.246,82
56,892.5,8.08,2011,2,330246.6552,77
81.6,1412.99,12.12,2011,2,458692.773,88
51.5,630,11.22,2011,2,255895.64,70
32,803.25,8.24,2011,2,252473.76,74
28.08,412,7.35,2014,2,266550.9,66
27.81,522.21,7.07,2014,2,270336,66
38,1033,6.24,2014,2,387406.8,80
30,681.2,5.25,2013,2,286828.284,82
80,971.36,9.27,2014,2,615600,75
77,1448.72,17.85,2014,2,681773.4,86
47.25,603,6.18,2014,2,295619.76,71
61.61,1018,12.6,2012,2,396752.4572,78
45.45,628.3,7.35,2013,2,320467.536,85
46.35,630,7.28,2013,2,294358.284,72
66.15,1543.97,12.48,2013,2,530618.616,90
55.65,1212,28.08,2013,2,556239.42,85
53.53,1378,11.44,2013,2,518451.12,84
29.4,201.96,5.1,2014,2,221478.4,62
53.55,383.25,5.1,2012,2,195715.96,64
53.55,373.36,7.07,2013,2,268830.842,73
53.04,315.12,7.21,2013,2,241626.33,65
28.56,336.81,5.05,2014,2,253780.34,65
40.8,1060.8,11.11,2014,2,455670.68,79
64.89,2035.15,13,2014,2,529544.4,100
56,1850.32,3.06,2014,2,500270.76,95
51.51,1799.2,7.07,2014,2,562817.86,95
48.3,1390,10,2014,2,499561.92,89
39,1146.35,10.2,2014,2,447433.8,78
41.6,1010,3.09,2014,2,390828.24,75
25.75,545.9,4.08,2014,2,243318,68
25.75,644,8.24,2014,2,284808.16,69
27.04,485.1,8,2014,2,275404.48,68
39.78,417.04,5.05,2014,2,271333.92,63
30,408,5.15,2014,2,261152.76,67
19.38,366,5.2,2014,2,262715.2,64
24.96,482,5.05,2014,2,263472,67
57.57,1236.9,13.26,2014,2,505755.36,85
52,443.39,5.2,2014,2,261063.8,65
35.36,887.4,10,2014,2,374673.64,76
61.2,1308.32,11.55,2013,2,477534.42,81
45.9,892.5,7.28,2013,2,335902.248,76
29.87,336.6,6.3,2012,2,212674.9768,70
26.52,306,5.15,2012,2,202117.8552,67
20.6,401.7,5,2014,2,242555.52,64
33.28,258.53,4.08,2014,2,236586.68,62
40.8,896.1,10.2,2014,2,356430.9,75
35.36,412,4.16,2014,2,228797.92,64
34,516.6,5.15,2014,2,273730.16,67
35.02,486.72,5,2014,2,264721.6,64
70.04,697.2,7.07,2014,2,324967.06,71
24.96,779,4.04,2014,2,319209,71
54.08,1155,13.39,2014,2,429703.56,79
30.16,470.4,7.07,2014,2,295148.7,65
36,772.5,8.4,2014,2,328278.28,74
27.81,304.98,6.3,2014,2,234909.84,65
48.41,735,6,2014,2,334661.8,71
24.15,810.9,5.1,2014,2,322799.4,71
31.5,794.58,3.12,2014,2,319745.8,74
26.986,599.76,3.12,2014,2,280772.8,66
24.24,530,8.32,2011,2,281127.36,81
37.37,707.7,9.18,2012,2,283297.4624,87
37,757.5,6.18,2011,2,241872.0304,74
43.05,321,5,2014,2,243538.7,63
63.86,1123.73,10.2,2015,2,530124.232,81
79.04,1313,12.48,2014,2,555960.24,83
79.04,1339,12.48,2014,2,555960.24,82
52,1050.6,9.09,2010,2,289713.0852,76
50.5,1275,12.12,2010,2,383091.5462,81
71.71,975.12,9.09,2010,2,374805.2786,99
73.13,960,9.27,2014,2,413761.92,76
45.15,800,8.08,2010,2,288170.3388,92
43.43,1349.25,2.08,2014,2,452928.96,85
38.48,421.17,7.35,2010,2,220946.2482,73
37.37,999.44,1.02,2014,2,243809.28,77
53.56,1448.72,13.65,2014,2,556038.34,86
46.46,471,7.35,2015,2,312153.864,66
88,1149.75,6.12,2014,2,443725.92,102
88,1127.85,15,2014,2,441724.8,80
62,1328.7,13,2015,2,575206.17,84
54.06,575.7,9.36,2014,2,334588.56,78
46.8,1001.92,9.18,2014,2,440533.92,97
41,850,8,2014,2,408283.56,95
56,714,9.45,2015,2,390852.628,87
57.68,741.6,9.36,2012,2,340800.856,72
35.35,392.08,6.06,2012,2,210766.5516,65
52,310,7.07,2015,2,314066.932,71
29.4,291.2,5.05,2013,2,221301.828,61
29.4,294,5.05,2015,2,248146.8,64
28.35,486.54,5,2010,2,205508.578,65
28.56,288.4,5.25,2015,2,265517.076,63
27.27,493.5,5.25,2014,2,281857.44,73
31.62,797.22,11.44,2011,2,363756.636,89
51.51,477.75,6,2014,2,288711.06,68
100,1594.95,15.45,2012,2,544953.744,88
102,1540.24,15.3,2014,2,563094.82,120
79.79,927.18,12.48,2012,2,378027.708,77
41.82,547.96,8.4,2012,2,242294.8792,67
45.15,554.88,6,2014,2,285326.2,67
90.9,742.63,13.52,2015,2,560972.16,91
40.95,525.2,8,2014,2,330199.86,77
47.84,474.7,7.28,2014,2,306226.8,68
39.9,535.3,7.07,2010,2,219202.2976,69
67,1150,11.22,2011,2,447951.416,106
70.35,1161.5,10.1,2011,2,379580.3396,79
67.6,910,15.75,2010,2,350210.784,76
74.74,1758.75,11.22,2014,2,679022.16,124
56.7,1237.95,10.3,2014,2,437514.44,79
72.8,953.4,10.4,2014,2,492192.48,93
32,661.5,6.06,2014,2,357258.72,83
72.8,121.38,10,2015,2,330407.44,59
72.1,887.4,11,2010,2,316446.24,76
32.96,600,6.18,2010,2,240769.914,70
100.88,1174.2,4.08,2014,2,507948,78
52,870,13.13,2014,2,376384.58,75
47.25,640.64,9.09,2014,2,338852.8,69
60.9,1310,9,2011,2,385645.5372,86
56,858.5,8,2011,2,318015.2976,75
82.4,1440.97,12.12,2011,2,449955.7678,87
50.5,618,11,2011,2,281485.204,71
32.64,803.25,8.32,2011,2,270146.9232,70
28.08,420,7.21,2014,2,266550.9,67
28.35,517.14,7.07,2014,2,297369.6,68
39.14,1063.99,6.3,2014,2,390993.9,80
30,681.2,5.15,2013,2,289640.326,86
83.2,971.36,9.09,2014,2,581400,76
77.77,1393,17,2014,2,688266.48,86
46.35,603,6,2014,2,292882.54,68
62.22,1018,12.24,2012,2,363993.08,76
45.45,634.4,7.07,2013,2,302663.784,83
47.25,648.9,7.07,2013,2,291607.272,71
66.15,1558.96,12,2013,2,525612.78,88
55.65,1212,27,2013,2,515785.644,86
53.53,1351.5,11.33,2013,2,471319.2,83
29.12,198,5.25,2014,2,225737.6,60
51,372.3,5.25,2012,2,207458.9176,62
53.55,369.77,7.21,2013,2,266364.504,69
53.04,315.12,7.35,2013,2,228077.19,62
28.56,336.81,5.15,2014,2,232826,63
40,1050.4,11.44,2014,2,442774.34,81
63.63,2015,13,2014,2,504328,103
56,1850.32,3.03,2014,2,504860.4,93
52.53,1781.9,7.35,2014,2,541777.94,96
48.3,1445.6,10.2,2014,2,480348,87
39.78,1146.35,10.3,2014,2,414893.16,83
42,1050,3.06,2014,2,387209.46,79
25.75,556.5,4.08,2014,2,253050.72,65
25.5,663.32,8.16,2014,2,279331.08,68
26.26,466.62,8.08,2014,2,280700.72,65
40.17,401,5,2014,2,266115.96,65
31.2,420,5.05,2014,2,268474.8,64
19,369.66,5.25,2014,2,262715.2,66
25.2,491.64,5.15,2014,2,268741.44,66
57,1213.34,13,2014,2,515121.2,84
54.6,460.95,5.1,2014,2,271202.2,67
34,913.5,10.5,2014,2,374673.64,77
60,1270.58,11.33,2013,2,491579.55,83
45.9,867,7.07,2013,2,320493.888,73
29.87,336.6,6.12,2012,2,225063.8104,68
26.52,300,5.1,2012,2,198154.76,68
20,405.6,5,2014,2,238104.96,66
33.6,261.04,4.08,2014,2,223563.56,61
41.6,870,10.4,2014,2,342852.58,74
34.34,400,4.2,2014,2,222197.98,63
34.34,506.76,5.05,2014,2,258236,64
35.02,491.4,5.25,2014,2,262176.2,67
71.4,670.64,7.28,2014,2,334432.12,71
24.72,794.58,4,2014,2,344245,71
52.52,1122,13.39,2014,2,438129.12,80
29.58,461.44,7.07,2014,2,295148.7,65
37.8,787.5,8.4,2014,2,334778.84,74
27,299,6.06,2014,2,232584,64
49.35,735,6.12,2014,2,319449.9,72
23,818.85,5,2014,2,322799.4,74
30.6,802.37,3.03,2014,2,332409,71
26.986,605.64,3.15,2014,2,267528.8,70
24.72,530,8.24,2011,2,281127.36,80
37.37,714.44,9.45,2012,2,277796.5408,85
37.74,802.5,6,2011,2,232569.26,73
41.82,321,5.35,2014,2,250241.6,64
65.72,1145.55,10.4,2015,2,565132.436,80
79.04,1378,12.6,2014,2,519925.78,90
78.28,1313,12.84,2014,2,550812.46,90
51,1020,9.09,2010,2,295338.582,81
50,1287.75,12.72,2010,2,416565.5648,83
71,975.12,9.09,2010,2,389360.8234,95
75.97,979.2,9.36,2014,2,441611.28,78
43.86,824,8,2010,2,285345.1394,91
45.58,1374.95,2.08,2014,2,461809.92,82
38.85,437.85,7.21,2010,2,204730.0098,78
38.11,1009.05,1.06,2014,2,234432,80
54.08,1490.51,13.26,2014,2,545645.1,88
47.38,485.13,7.28,2015,2,309093.532,70
92.4,1116.9,6.18,2014,2,451867.68,100
89.76,1127.85,15.15,2014,2,405583.68,80
65.72,1341.6,13,2015,2,608075.094,85
53,575.7,9,2014,2,344429.4,80
46.35,1011.84,9.27,2014,2,449171.84,100
43.46,892.5,8.16,2014,2,424294.68,89
56.56,707,9.45,2015,2,398592.284,90
57.12,756,9.45,2012,2,343899.0456,77
35,395.85,6,2012,2,223044.2148,64
53.5,319.3,7.14,2015,2,328473.672,69
28.56,285.6,5.1,2013,2,217241.244,63
29.68,294,5.25,2015,2,270480.012,61
28.08,491.31,5.3,2010,2,198035.5388,67
29.12,285.6,5.25,2015,2,267998.544,62
28.35,474.7,5.15,2014,2,314695.2,78
32.55,781.74,11.11,2011,2,370492.87,86
53.04,464.1,6.36,2014,2,302726.16,64
100,1534.19,15.75,2012,2,580274.82,90
104,1481,15.75,2014,2,574028.7,121
80.58,963.54,12.36,2012,2,400264.632,75
42.64,537.32,8.08,2012,2,256688.6344,69
46.01,576.64,6.42,2014,2,282659.6,72
90.9,735.42,13.78,2015,2,603712.896,91
40.56,540.35,8.24,2014,2,339457.8,77
47.38,479.4,7.35,2014,2,283955.76,65
39.14,567.1,7.35,2010,2,242387.156,66
70.35,1184.5,11,2011,2,460168.2728,112
68.34,1161.5,10.7,2011,2,361675.6066,87
65.65,936.25,15.6,2010,2,321557.1744,81
76.96,1725.25,11.33,2014,2,752250.04,134
54.54,1237.95,10.4,2014,2,457959.04,81
74.2,926.16,10.7,2014,2,534786.06,100
33.6,667.8,6.12,2014,2,364129.08,82
70,123.76,10.5,2015,2,345847.04,62
74.9,870,11.77,2010,2,319610.7024,78
33.92,630,6,2010,2,249525.1836,74
98.94,1219.8,4.12,2014,2,493435.2,79
52,887.4,13.52,2014,2,387564.32,81
48.15,652.96,9,2014,2,345369.2,69
61.48,1336.2,9.63,2011,2,423453.9232,86
57.68,858.5,8.16,2011,2,345535.8522,78
81.6,1454.96,12.84,2011,2,493640.7938,92
51.5,606,11.55,2011,2,281485.204,71
32.96,787.95,8,2011,2,265097.448,71
27.27,412,7.49,2014,2,253858,63
28.08,532.35,7.28,2014,2,302776.32,66
38.76,1053.66,6.06,2014,2,408929.4,77
31.5,700.85,5.3,2013,2,292452.368,82
84.8,971.36,9.27,2014,2,575700,80
80.08,1420.86,17.85,2014,2,668787.24,87
46.35,603,6.18,2014,2,312043.08,67
65.27,1038.36,12.24,2012,2,393112.5264,77
47.7,622.2,7.14,2013,2,320467.536,79
47.25,648.9,7.49,2013,2,299860.308,69
66.15,1499,12,2013,2,570665.304,90
54.06,1236,28.89,2013,2,505672.2,87
56.71,1338.25,11.77,2013,2,480745.584,82
29.12,205.92,5.2,2014,2,217219.2,60
52.53,365,5.35,2012,2,201587.4388,67
54.57,376.95,7,2013,2,256499.152,74
54.06,318.24,7.14,2013,2,243884.52,62
28.84,333.54,5.25,2014,2,235154.26,66
40.8,1071.2,11.22,2014,2,442774.34,79
63,2075.45,13,2014,2,524501.12,106
57.12,1960.24,3.12,2014,2,491091.48,96
54.06,1799.2,7.49,2014,2,594377.74,96
46.46,1417.8,10.5,2014,2,489954.96,90
39.78,1180.4,10.1,2014,2,423028.32,83
42,1070,3.06,2014,2,369115.56,75
25.75,567.1,4.2,2014,2,265216.62,67
25.5,650.44,8.56,2014,2,314932.1,70
27.04,489.72,8.56,2014,2,264812,69
40.56,425.06,5.15,2014,2,260898,64
31.5,428,5.25,2014,2,258712.08,63
19.57,391.62,5,2014,2,269880.16,67
24.72,486.82,5.15,2014,2,274010.88,68
57,1201.56,13,2014,2,487023.68,86
52.52,447.78,5.2,2014,2,288944.4,69
35.7,896.1,10.2,2014,2,370964,76
60.6,1333.48,11.44,2013,2,538396.65,87
45.45,850,7.21,2013,2,320493.888,76
29.58,336.6,6.36,2012,2,225063.8104,72
27.04,315,5.15,2012,2,214007.1408,68
21,409.5,5.05,2014,2,238104.96,66
33.28,266.06,4.16,2014,2,245268.76,61
40.8,922.2,10.3,2014,2,349641.74,78
36.04,428,4.04,2014,2,237597.84,66
35.36,526.44,5,2014,2,263400.72,68
35.7,472.68,5.35,2014,2,274903.2,70
68.68,670.64,7.07,2014,2,356517.26,71
24,833.53,4.12,2014,2,331727,73
53.56,1155,13.26,2014,2,467618.58,85
30.16,461.44,7.42,2014,2,295148.7,68
36,787.5,8.24,2014,2,360781.08,71
27,313.95,6.18,2014,2,258168.24,65
48.88,749,6.18,2014,2,307280.38,69
23.92,802.95,5.35,2014,2,344952.3,74
30,786.79,3.09,2014,2,332409,74
28.034,617.4,3,2014,2,270177.6,72
24.96,540.6,8.56,2011,2,295183.728,84
39.59,680.74,9.36,2012,2,316302.992,84
39.22,765,6.24,2011,2,244197.723,74
42.64,330.63,5.05,2014,2,243538.7,63
65.72,1167.37,10.5,2015,2,500117.2,77
80.56,1352,12.84,2014,2,576551.36,89
79.04,1300,12,2014,2,519925.78,87
52,1030.2,9.36,2010,2,317840.5692,76
53.5,1275,12.84,2010,2,386810.8816,86
71.71,1003.8,9.18,2010,2,396638.5958,94
74.55,979.2,9.36,2014,2,457525.2,77
44.72,848,8.32,2010,2,319247.5322,96
43.43,1297.85,2.02,2014,2,466250.4,84
38.48,433.68,7,2010,2,212838.129,71
39.59,980.22,1.03,2014,2,253186.56,80
53.04,1462.65,13.91,2014,2,535251.86,84
48.76,475.71,7,2015,2,333576.188,65
88,1138.8,6.06,2014,2,443725.92,109
93.28,1127.85,15.9,2014,2,441724.8,79
65.72,1302.9,13.65,2015,2,580684.324,90
53,587.1,9.27,2014,2,350989.96,80
46.8,1041.6,9.63,2014,2,492361.44,96
41,850,8.24,2014,2,420291.9,93
56.56,700,9.63,2015,2,437290.564,85
58.8,720,9.18,2012,2,316015.3392,71
36.4,380.77,6.36,2012,2,206673.9972,68
50.5,331.7,7,2015,2,308304.236,68
28.84,285.6,5.1,2013,2,225362.412,64
29.12,285.6,5.05,2015,2,272961.48,65
28.89,496.08,5.15,2010,2,209245.0976,65
28.28,296.8,5.1,2015,2,275442.948,61
28.62,488.8,5.3,2014,2,276384.48,81
31.62,797.22,11.44,2011,2,353652.285,91
53.55,459.55,6.18,2014,2,316741.26,64
106,1579.76,15.3,2012,2,534862.008,93
100,1555.05,15.6,2014,2,617764.22,118
83.74,954.45,12.36,2012,2,381733.862,80
41.82,532,8,2012,2,261486.5528,66
44.72,582.08,6.36,2014,2,293326,73
96.3,742.63,13.91,2015,2,614398.08,87
41.73,530.25,8.4,2014,2,342543.78,79
46.46,498.2,7.28,2014,2,317362.32,67
38.76,551.2,7.49,2010,2,217094.5832,71
67.67,1219,11,2011,2,423517.7024,104
69.01,1161.5,10,2011,2,361675.6066,80
66.3,892.5,15.45,2010,2,331108.3776,75
74.74,1775.5,11.77,2014,2,712307.56,123
56.16,1202.58,10,2014,2,417069.84,87
73.5,935.24,10.1,2014,2,511122.96,97
33.92,667.8,6.42,2014,2,370999.44,82
70,120.19,10.6,2015,2,355110.8,64
74.2,896.1,11.44,2010,2,351255.3264,75
34.24,618,6.12,2010,2,245147.5488,68
98.94,1174.2,4.28,2014,2,483760,85
50.5,922.2,13.78,2014,2,372658,78
47.25,659.12,9.18,2014,2,345369.2,69
59.16,1388.6,9.36,2011,2,415892.246,82
58.24,875.5,8.48,2011,2,318015.2976,73
81.6,1426.98,12.24,2011,2,454324.2704,89
53,600,11,2011,2,278926.2476,71
34.24,810.9,8.48,2011,2,270146.9232,74
28.89,412,7.14,2014,2,264012.32,69
28.89,542.49,7.14,2014,2,289259.52,65
38.38,1033,6.18,2014,2,380232.6,75
30.9,674.65,5.25,2013,2,295264.41,86
82.4,962.02,9.09,2014,2,587100,75
77.77,1393,18.19,2014,2,688266.48,86
46.35,609.03,6.42,2014,2,292882.54,68
65.27,1048.54,12.12,2012,2,367633.0108,77
47.7,616.1,7.07,2013,2,341238.58,79
46.8,636.3,7.49,2013,2,291607.272,71
66.15,1603.93,12.6,2013,2,535624.452,90
55.65,1200,28.35,2013,2,571409.586,91
54.59,1378,11.77,2013,2,542017.08,84
28,203.94,5.35,2014,2,240644.8,58
53.04,383.25,5.35,2012,2,217244.7156,64
52.02,362.59,7.35,2013,2,266364.504,75
54.57,330.72,7.49,2013,2,246142.71,62
28.56,346.62,5.2,2014,2,237482.52,67
40.4,1092,11.55,2014,2,438475.56,80
66.78,2055.3,13.65,2014,2,554760.8,101
59.36,1868.64,3.15,2014,2,500270.76,91
51.51,1799.2,7.28,2014,2,531257.98,94
49.22,1487.3,10.2,2014,2,480348,89
39.78,1214.45,10.1,2014,2,439298.64,86
40,1000,3.21,2014,2,390828.24,79
25,535.3,4.24,2014,2,260350.26,70
26.5,682.64,8.08,2014,2,309455.02,72
26.26,480.48,8.24,2014,2,275404.48,67
39.78,417.04,5.25,2014,2,281769.84,68
31.5,416,5.15,2014,2,266034.12,69
20.33,366,5.1,2014,2,241220.32,67
24.72,501.28,5.2,2014,2,284549.76,70
60.99,1225.12,13.65,2014,2,487023.68,81
53.04,443.39,5.35,2014,2,288944.4,67
35.7,870,10.1,2014,2,404350.76,76
64.2,1320.9,11.44,2013,2,514988.1,85
46.8,884,7.07,2013,2,320493.888,74
29,333.3,6.3,2012,2,206480.56,69
27.82,321,5.2,2012,2,223914.8788,73
21.2,417.3,5.2,2014,2,224753.28,62
32,268.57,4.24,2014,2,240927.72,63
42.4,896.1,10.6,2014,2,339458,77
35.36,412,4.12,2014,2,248597.74,68
35.36,496.92,5.05,2014,2,278894.88,65
34.68,477.36,5.35,2014,2,269812.4,70
71.4,697.2,7.21,2014,2,343897.18,75
25.44,810.16,4.2,2014,2,316079.5,75
54.08,1166,13.91,2014,2,446554.68,81
29.58,452.48,7.14,2014,2,323258.1,67
36.72,802.5,8.16,2014,2,351030.24,76
28.08,310.96,6,2014,2,239561.52,63
48.88,700,6.12,2014,2,343788.94,69
23.46,802.95,5.2,2014,2,319634.7,73
30.9,779,3.12,2014,2,316580,75
27.248,611.52,3.21,2014,2,283421.6,68
25.44,561.8,8.32,2011,2,317673.9168,83
39.59,680.74,9.09,2012,2,275046.08,84
38.48,757.5,6.24,2011,2,234894.9526,73
43.87,337.05,5.25,2014,2,230132.9,66
63.86,1112.82,10.6,2015,2,515120.716,79
76.76,1313,12.84,2014,2,586846.92,83
79.8,1365,12.48,2014,2,561108.02,90
51.5,1030.2,9.18,2010,2,303776.8272,82
51,1338.75,12,2010,2,379372.2108,85
71,1003.8,9.63,2010,2,414833.0268,102
71,979.2,9,2014,2,401826.48,77
43,832,8.56,2010,2,313597.1334,87
44.29,1362.1,2.02,2014,2,452928.96,80
38.85,417,7,2010,2,218919.2184,74
39.22,989.83,1.07,2014,2,253186.56,76
52.52,1490.51,13,2014,2,592414.68,86
48.3,499.26,7.21,2015,2,318274.528,66
90.64,1138.8,6.36,2014,2,419300.64,108
88.88,1138.8,15.45,2014,2,413615.04,84
62.62,1328.7,13.78,2015,2,629987.71,83
56.18,598.5,9.54,2014,2,364111.08,82
45.45,1031.68,9.36,2014,2,457809.76,101
43.87,901,8.32,2014,2,452314.14,93
58.8,721,9.36,2015,2,394722.456,89
58.24,720,9.18,2012,2,340800.856,75
35,377,6.36,2012,2,223044.2148,62
52.5,316.2,7,2015,2,299660.192,72
28.56,280,5.3,2013,2,233483.58,62
29.12,296.8,5.05,2015,2,260554.14,65
28.62,500.85,5.35,2010,2,186825.98,67
28.56,280,5.35,2015,2,250628.268,63
28.89,470,5.25,2014,2,311958.72,77
31.31,820.44,11.22,2011,2,360388.519,93
53.55,486.85,6,2014,2,285908.04,68
105,1564.57,15.15,2012,2,534862.008,94
106,1584.67,16.05,2014,2,595896.46,116
82.16,954.45,12.48,2012,2,403970.786,77
41.82,547.96,8.24,2012,2,249491.7568,67
44.72,571.2,6.36,2014,2,295992.6,69
93.6,735.42,13.52,2015,2,550286.976,85
40.95,515.1,8.48,2014,2,308598,76
48.76,479.4,7.21,2014,2,278388,69
40.28,561.8,7.28,2010,2,221310.012,69
67,1207.5,11.44,2011,2,460168.2728,110
71.69,1184.5,10.3,2011,2,411808.859,83
66.3,927.5,15.75,2010,2,324740.9088,81
76.22,1675,11.77,2014,2,738935.88,131
55.08,1237.95,10.5,2014,2,441603.36,86
72.8,953.4,10.5,2014,2,544251.3,100
33.6,655.2,6.36,2014,2,364129.08,86
70,119,10.3,2015,2,327319.52,60
70,870,11,2010,2,341761.9392,80
32.64,636,6.36,2010,2,245147.5488,72
97.97,1185.6,4,2014,2,488597.6,81
50,878.7,13.52,2014,2,376384.58,78
46.8,622.16,9.54,2014,2,329078.2,69
59.74,1401.7,9.36,2011,2,400768.8916,84
57.68,909.5,8.08,2011,2,305783.94,73
81.6,1412.99,12.12,2011,2,441218.7626,87
50,612,11.77,2011,2,271249.3784,69
32.32,772.65,8.4,2011,2,277721.136,74
28.08,412,7,2014,2,258935.16,67
27,537.42,7.35,2014,2,270336,68
38,1033,6.24,2014,2,408929.4,82
30.6,681.2,5.15,2013,2,289640.326,84
83.2,980.7,9.09,2014,2,632700,77
77.77,1434.79,17,2014,2,707745.72,87
46.8,615.06,6.12,2014,2,273722,70
64.66,1028.18,12.24,2012,2,400392.388,78
46.8,628.3,7.35,2013,2,332336.704,86
47.7,655.2,7.07,2013,2,286105.248,73
65.52,1558.96,12,2013,2,525612.78,89
55.65,1236,27.81,2013,2,536012.532,84
54.59,1404.5,11.22,2013,2,523164.312,89
29.96,209.88,5.35,2014,2,212960,64
54.06,379.6,5.15,2012,2,209416.0772,63
53.04,369.77,7.42,2013,2,246633.8,71
52.53,321.36,7.07,2013,2,241626.33,61
29.12,330.27,5.35,2014,2,246795.56,62
42,1081.6,11.22,2014,2,451371.9,83
63,2035.15,13.65,2014,2,529544.4,99
58.8,1905.28,3.12,2014,2,523218.96,97
52.02,1730,7.42,2014,2,573337.82,93
47.84,1445.6,10.3,2014,2,504365.4,84
39.78,1169.05,10.3,2014,2,431163.48,83
41.6,1020,3.03,2014,2,369115.56,78
25,530,4.2,2014,2,262783.44,66
26.75,656.88,8.48,2014,2,301239.4,68
27.82,480.48,8.48,2014,2,293941.32,65
40.17,413.03,5,2014,2,268724.94,69
31.8,416,5.25,2014,2,275796.84,63
19,373.32,5.3,2014,2,257938.56,65
25.2,515.74,5.15,2014,2,279280.32,64
59.85,1213.34,13.78,2014,2,510438.28,86
54.08,460.95,5.1,2014,2,258529.2,64
36.38,904.8,10.1,2014,2,415479.68,80
63.6,1320.9,11.66,2013,2,529033.23,87
47.7,850,7,2013,2,329738.904,77
29.58,330,6.06,2012,2,206480.56,73
26.26,300,5.05,2012,2,223914.8788,74
21.2,413.4,5.25,2014,2,244780.8,68
32.96,258.53,4.28,2014,2,232245.64,64
41.6,887.4,10.7,2014,2,349641.74,77
34.68,428,4.08,2014,2,233197.88,66
34,506.76,5.05,2014,2,276312.52,68
35.7,468,5.35,2014,2,272357.8,67
72.08,690.56,7.14,2014,2,353362.24,71
24,794.58,4.24,2014,2,325468,76
53.56,1144,13.13,2014,2,446554.68,78
29.58,456.96,7.07,2014,2,286715.88,67
36,780,8.56,2014,2,364031.36,76
27.81,304.98,6.3,2014,2,241887.36,66
49.35,728,6.18,2014,2,316407.52,75
24.61,850.65,5.35,2014,2,322799.4,73
31.2,810.16,3.15,2014,2,345072.2,77
26.2,617.4,3.12,2014,2,278124,70
24.24,530,8.48,2011,2,283938.6336,83
